{
    "prepare_queue": {
        "installed": [],
        "uninstalled": []
    },
    "config_munge": {
        "files": {
            "config.xml": {
                "parents": {
                    "/*": [
                        {
                            "xml": "<feature name=\"Geolocation\"><param name=\"ios-package\" value=\"CDVLocation\" /></feature>",
                            "count": 1
                        },
                        {
                            "xml": "<feature name=\"NativeGeocoder\"><param name=\"ios-package\" value=\"NativeGeocoder\" /></feature>",
                            "count": 1
                        },
                        {
                            "xml": "<feature name=\"ParsePushPlugin\"><param name=\"ios-package\" value=\"ParsePushPlugin\" /><param name=\"onload\" value=\"true\" /></feature>",
                            "count": 1
                        }
                    ]
                }
            },
            "*-Info.plist": {
                "parents": {
                    "NSLocationWhenInUseUsageDescription": [
                        {
                            "xml": "<string> </string>",
                            "count": 1
                        },
                        {
                            "xml": "<string>Using geocoder service</string>",
                            "count": 1
                        }
                    ]
                }
            },
            "*-Debug.plist": {
                "parents": {
                    "aps-environment": [
                        {
                            "xml": "<string>development</string>",
                            "count": 1
                        }
                    ]
                }
            },
            "*-Release.plist": {
                "parents": {
                    "aps-environment": [
                        {
                            "xml": "<string>production</string>",
                            "count": 1
                        }
                    ]
                }
            }
        }
    },
    "installed_plugins": {
        "cordova-plugin-compat": {
            "PACKAGE_NAME": "com.ionicframework.beacon404415"
        },
        "cordova-plugin-geolocation": {
            "GEOLOCATION_USAGE_DESCRIPTION": " ",
            "PACKAGE_NAME": "com.ionicframework.beacon404415"
        },
        "cordova-plugin-add-swift-support": {
            "PACKAGE_NAME": "com.ionicframework.beacon404415"
        },
        "cordova-plugin-nativegeocoder": {
            "PACKAGE_NAME": "com.ionicframework.beacon404415"
        },
        "parse-push-plugin": {
            "PACKAGE_NAME": "com.ionicframework.beacon404415"
        }
    },
    "dependent_plugins": {},
    "modules": [
        {
            "id": "cordova-plugin-geolocation.Coordinates",
            "file": "plugins/cordova-plugin-geolocation/www/Coordinates.js",
            "pluginId": "cordova-plugin-geolocation",
            "clobbers": [
                "Coordinates"
            ]
        },
        {
            "id": "cordova-plugin-geolocation.PositionError",
            "file": "plugins/cordova-plugin-geolocation/www/PositionError.js",
            "pluginId": "cordova-plugin-geolocation",
            "clobbers": [
                "PositionError"
            ]
        },
        {
            "id": "cordova-plugin-geolocation.Position",
            "file": "plugins/cordova-plugin-geolocation/www/Position.js",
            "pluginId": "cordova-plugin-geolocation",
            "clobbers": [
                "Position"
            ]
        },
        {
            "id": "cordova-plugin-geolocation.geolocation",
            "file": "plugins/cordova-plugin-geolocation/www/geolocation.js",
            "pluginId": "cordova-plugin-geolocation",
            "clobbers": [
                "navigator.geolocation"
            ]
        },
        {
            "id": "cordova-plugin-nativegeocoder.NativeGeocoder",
            "file": "plugins/cordova-plugin-nativegeocoder/www/NativeGeocoder.js",
            "pluginId": "cordova-plugin-nativegeocoder",
            "clobbers": [
                "nativegeocoder"
            ]
        },
        {
            "id": "parse-push-plugin.ParsePushPlugin",
            "file": "plugins/parse-push-plugin/www/parse-push-plugin.js",
            "pluginId": "parse-push-plugin",
            "clobbers": [
                "ParsePushPlugin"
            ]
        }
    ],
    "plugin_metadata": {
        "cordova-plugin-compat": "1.1.0",
        "cordova-plugin-geolocation": "2.4.2",
        "cordova-plugin-add-swift-support": "1.6.2",
        "cordova-plugin-nativegeocoder": "1.0.1",
        "parse-push-plugin": "1.0.7"
    }
}